{
  "type": "immersiveengineering:cloche",
  "results": [
    {
      "item": "mysticalagriculture:awakened_draconium_essence",
      "count": 3
    },
    {
      "item": "mysticalagriculture:awakened_draconium_seeds",
      "count": 1
    }
  ],
  "input": {
    "item": "mysticalagriculture:awakened_draconium_seeds"
  },
  "soil": {
    "item": "mysticalagradditions:insanium_farmland"
  },
  "time": 1200,
  "render": {
    "type": "crop",
    "block": "mysticalagriculture:awakened_draconium_crop"
  }
}