{
  "type": "immersiveengineering:cloche",
  "results": [
    {
      "item": "mysticalagriculture:draconium_essence",
      "count": 3
    },
    {
      "item": "mysticalagriculture:draconium_seeds",
      "count": 1
    }
  ],
  "input": {
    "item": "mysticalagriculture:draconium_seeds"
  },
  "soil": [
	{
	  "item": "mysticalagriculture:supremium_farmland"
	},
	{
	  "item": "mysticalagradditions:insanium_farmland"
	}
  ],
  "time": 1200,
  "render": {
    "type": "crop",
    "block": "mysticalagriculture:draconium_crop"
  }
}